{
	"partitions" : [
		{
			"name" : "Top",
			"pins" : [
				{
					"name" : "outputBits[0]",
					"strict" : false
				},
				{
					"name" : "outputBits[1]",
					"strict" : false
				},
				{
					"name" : "outputBits[2]",
					"strict" : false
				},
				{
					"name" : "outputBits[3]",
					"strict" : false
				},
				{
					"name" : "outputBits[4]",
					"strict" : false
				},
				{
					"name" : "outputBits[5]",
					"strict" : false
				},
				{
					"name" : "outputBits[6]",
					"strict" : false
				},
				{
					"name" : "outputBits[7]",
					"strict" : false
				},
				{
					"name" : "outputBits[8]",
					"strict" : false
				},
				{
					"name" : "outputBits[9]",
					"strict" : false
				},
				{
					"name" : "outputBits[10]",
					"strict" : false
				},
				{
					"name" : "outputBits[11]",
					"strict" : false
				},
				{
					"name" : "outputBits[12]",
					"strict" : false
				},
				{
					"name" : "outputBits[13]",
					"strict" : false
				},
				{
					"name" : "outputBits[14]",
					"strict" : false
				},
				{
					"name" : "outputBits[15]",
					"strict" : false
				},
				{
					"name" : "outputBits[16]",
					"strict" : false
				},
				{
					"name" : "outputBits[17]",
					"strict" : false
				},
				{
					"name" : "outputBits[18]",
					"strict" : false
				},
				{
					"name" : "outputBits[19]",
					"strict" : false
				},
				{
					"name" : "outputBits[20]",
					"strict" : false
				},
				{
					"name" : "outputBits[21]",
					"strict" : false
				},
				{
					"name" : "outputBits[22]",
					"strict" : false
				},
				{
					"name" : "outputBits[23]",
					"strict" : false
				},
				{
					"name" : "outputBits[24]",
					"strict" : false
				},
				{
					"name" : "outputBits[25]",
					"strict" : false
				},
				{
					"name" : "outputBits[26]",
					"strict" : false
				},
				{
					"name" : "outputBits[27]",
					"strict" : false
				},
				{
					"name" : "outputBits[28]",
					"strict" : false
				},
				{
					"name" : "outputBits[29]",
					"strict" : false
				},
				{
					"name" : "outputBits[30]",
					"strict" : false
				},
				{
					"name" : "outputBits[31]",
					"strict" : false
				},
				{
					"name" : "outputBits[32]",
					"strict" : false
				},
				{
					"name" : "outputBits[33]",
					"strict" : false
				},
				{
					"name" : "outputBits[34]",
					"strict" : false
				},
				{
					"name" : "outputBits[36]",
					"strict" : false
				},
				{
					"name" : "outputBits[37]",
					"strict" : false
				},
				{
					"name" : "outputBits[38]",
					"strict" : false
				},
				{
					"name" : "outputBits[41]",
					"strict" : false
				},
				{
					"name" : "LCD_RS",
					"strict" : false
				},
				{
					"name" : "LCD_EN",
					"strict" : false
				},
				{
					"name" : "LCD_DATA[0]",
					"strict" : false
				},
				{
					"name" : "LCD_DATA[1]",
					"strict" : false
				},
				{
					"name" : "LCD_DATA[2]",
					"strict" : false
				},
				{
					"name" : "LCD_DATA[3]",
					"strict" : false
				},
				{
					"name" : "LCD_DATA[4]",
					"strict" : false
				},
				{
					"name" : "LCD_DATA[5]",
					"strict" : false
				},
				{
					"name" : "LCD_DATA[6]",
					"strict" : false
				},
				{
					"name" : "LCD_DATA[7]",
					"strict" : false
				},
				{
					"name" : "pill12And3LEDs[0]",
					"strict" : false
				},
				{
					"name" : "pill12And3LEDs[1]",
					"strict" : false
				},
				{
					"name" : "pill12And3LEDs[2]",
					"strict" : false
				},
				{
					"name" : "clk",
					"strict" : false
				},
				{
					"name" : "resetSetLoadStart[3]",
					"strict" : false
				},
				{
					"name" : "monitorOrMissedScene",
					"strict" : false
				},
				{
					"name" : "toggleSwitches17To14[0]",
					"strict" : false
				},
				{
					"name" : "toggleSwitches17To14[3]",
					"strict" : false
				},
				{
					"name" : "toggleSwitches17To14[1]",
					"strict" : false
				},
				{
					"name" : "toggleSwitches17To14[2]",
					"strict" : false
				},
				{
					"name" : "resetSetLoadStart[2]",
					"strict" : false
				},
				{
					"name" : "resetSetLoadStart[0]",
					"strict" : false
				},
				{
					"name" : "resetSetLoadStart[1]",
					"strict" : false
				},
				{
					"name" : "toggleSwitches13To10[0]",
					"strict" : false
				},
				{
					"name" : "toggleSwitches13To10[1]",
					"strict" : false
				},
				{
					"name" : "toggleSwitches13To10[2]",
					"strict" : false
				},
				{
					"name" : "toggleSwitches13To10[3]",
					"strict" : false
				},
				{
					"name" : "demoOrRealMode",
					"strict" : false
				}
			]
		}
	]
}