# Copyright (C) 1991-2015 Altera Corporation. All rights reserved.
# Your use of Altera Corporation's design tools, logic functions 
# and other software and tools, and its AMPP partner logic 
# functions, and any output files from any of the foregoing 
# (including device programming or simulation files), and any 
# associated documentation or information are expressly subject 
# to the terms and conditions of the Altera Program License 
# Subscription Agreement, the Altera Quartus Prime License Agreement,
# the Altera MegaCore Function License Agreement, or other 
# applicable license agreement, including, without limitation, 
# that your use is for the sole purpose of programming logic 
# devices manufactured by Altera and sold by Altera or its 
# authorized distributors.  Please refer to the applicable 
# agreement for further details.

# Quartus Prime Version 15.1.0 Build 185 10/21/2015 SJ Lite Edition
# File: C:\Users\Olanrewaju\Documents\reading\SEMESTER 4\ADD\Labs\PrescriptionReminder\Pin Planner.csv
# Generated on: Wed Apr 20 06:46:51 2016

# Note: The column header names should not be changed if you wish to import this .csv file into the Quartus Prime software.

To,Direction,Location,I/O Bank,VREF Group,Fitter Location,I/O Standard,Reserved,Current Strength,Slew Rate,Differential Pair,Strict Preservation
clk,Input,PIN_Y2,2,B2_N0,PIN_J1,,,,,,
idAndDuration[13],Output,PIN_AD17,4,B4_N2,PIN_G22,,,,,,
idAndDuration[12],Output,PIN_AE17,4,B4_N2,PIN_B19,,,,,,
idAndDuration[11],Output,PIN_AG17,4,B4_N2,PIN_B18,,,,,,
idAndDuration[10],Output,PIN_AH17,4,B4_N2,PIN_G20,,,,,,
idAndDuration[9],Output,PIN_AF17,4,B4_N2,PIN_G21,,,,,,
idAndDuration[8],Output,PIN_AG18,4,B4_N2,PIN_A18,,,,,,
idAndDuration[7],Output,PIN_AA14,3,B3_N0,PIN_A19,,,,,,
idAndDuration[6],Output,PIN_AA17,4,B4_N1,PIN_AE16,,,,,,
idAndDuration[5],Output,PIN_AB16,4,B4_N2,PIN_AF17,,,,,,
idAndDuration[4],Output,PIN_AA16,4,B4_N2,PIN_AA16,,,,,,
idAndDuration[3],Output,PIN_AB17,4,B4_N1,PIN_AH17,,,,,,
idAndDuration[2],Output,PIN_AB15,4,B4_N2,PIN_AB16,,,,,,
idAndDuration[1],Output,PIN_AA15,4,B4_N2,PIN_AF16,,,,,,
idAndDuration[0],Output,PIN_AC17,4,B4_N2,PIN_AG17,,,,,,
outputBits[41],Output,PIN_AD18,4,B4_N1,PIN_D6,,,,,,
outputBits[40],Output,PIN_AC18,4,B4_N1,PIN_AG12,,,,,,
outputBits[39],Output,PIN_AB18,4,B4_N0,PIN_AD17,,,,,,
outputBits[38],Output,PIN_AH19,4,B4_N2,PIN_C7,,,,,,
outputBits[37],Output,PIN_AG19,4,B4_N2,PIN_D7,,,,,,
outputBits[36],Output,PIN_AF18,4,B4_N1,PIN_G9,,,,,,
outputBits[35],Output,PIN_AH18,4,B4_N2,PIN_G25,,,,,,
outputBits[34],Output,PIN_AB19,4,B4_N0,PIN_F14,,,,,,
outputBits[33],Output,PIN_AA19,4,B4_N0,PIN_C12,,,,,,
outputBits[32],Output,PIN_AG21,4,B4_N2,PIN_C14,,,,,,
outputBits[31],Output,PIN_AH21,4,B4_N2,PIN_J13,,,,,,
outputBits[30],Output,PIN_AE19,4,B4_N1,PIN_J12,,,,,,
outputBits[29],Output,PIN_AF19,4,B4_N1,PIN_J14,,,,,,
outputBits[28],Output,PIN_AE18,4,B4_N2,PIN_G13,,,,,,
outputBits[27],Output,PIN_V21,5,B5_N1,PIN_D14,,,,,,
outputBits[26],Output,PIN_U21,5,B5_N0,PIN_H14,,,,,,
outputBits[25],Output,PIN_AB20,4,B4_N0,PIN_E14,,,,,,
outputBits[24],Output,PIN_AA21,4,B4_N0,PIN_A12,,,,,,
outputBits[23],Output,PIN_AD24,4,B4_N0,PIN_E12,,,,,,
outputBits[22],Output,PIN_AF23,4,B4_N0,PIN_D12,,,,,,
outputBits[21],Output,PIN_Y19,4,B4_N0,PIN_H13,,,,,,
outputBits[20],Output,PIN_AA25,5,B5_N1,PIN_G17,,,,,,
outputBits[19],Output,PIN_AA26,5,B5_N1,PIN_F15,,,,,,
outputBits[18],Output,PIN_Y25,5,B5_N1,PIN_C16,,,,,,
outputBits[17],Output,PIN_W26,5,B5_N1,PIN_J16,,,,,,
outputBits[16],Output,PIN_Y26,5,B5_N1,PIN_F17,,,,,,
outputBits[15],Output,PIN_W27,5,B5_N1,PIN_D16,,,,,,
outputBits[14],Output,PIN_W28,5,B5_N1,PIN_H16,,,,,,
outputBits[13],Output,PIN_M24,6,B6_N2,PIN_F12,,,,,,
outputBits[12],Output,PIN_Y22,5,B5_N0,PIN_D10,,,,,,
outputBits[11],Output,PIN_W21,5,B5_N1,PIN_E15,,,,,,
outputBits[10],Output,PIN_W22,5,B5_N0,PIN_C15,,,,,,
outputBits[9],Output,PIN_W25,5,B5_N1,PIN_D13,,,,,,
outputBits[8],Output,PIN_U23,5,B5_N1,PIN_D15,,,,,,
outputBits[7],Output,PIN_U24,5,B5_N0,PIN_D17,,,,,,
outputBits[6],Output,PIN_G18,7,B7_N2,PIN_A10,,,,,,
outputBits[5],Output,PIN_F22,7,B7_N0,PIN_B10,,,,,,
outputBits[4],Output,PIN_E17,7,B7_N2,PIN_G14,,,,,,
outputBits[3],Output,PIN_L26,6,B6_N1,PIN_A11,,,,,,
outputBits[2],Output,PIN_L25,6,B6_N1,PIN_C13,,,,,,
outputBits[1],Output,PIN_J22,6,B6_N0,PIN_B11,,,,,,
outputBits[0],Output,PIN_H22,6,B6_N0,PIN_C10,,,,,,
resetSetLoadStart[3],Input,PIN_R24,5,B5_N0,PIN_E17,,,,,,
resetSetLoadStart[2],Input,PIN_N21,6,B6_N2,PIN_D19,,,,,,
resetSetLoadStart[1],Input,PIN_M21,6,B6_N1,PIN_G16,,,,,,
resetSetLoadStart[0],Input,PIN_M23,6,B6_N2,PIN_H17,,,,,,
toggleSwitches13To6[7],Input,PIN_AA24,5,B5_N2,PIN_G18,,,,,,
toggleSwitches13To6[6],Input,PIN_AB23,5,B5_N2,PIN_H19,,,,,,
toggleSwitches13To6[5],Input,PIN_AB24,5,B5_N2,PIN_J17,,,,,,
toggleSwitches13To6[4],Input,PIN_AC24,5,B5_N2,PIN_H21,,,,,,
toggleSwitches13To6[3],Input,PIN_AB25,5,B5_N1,PIN_G19,,,,,,
toggleSwitches13To6[2],Input,PIN_AC25,5,B5_N2,PIN_J19,,,,,,
toggleSwitches13To6[1],Input,PIN_AB26,5,B5_N1,PIN_C17,,,,,,
toggleSwitches13To6[0],Input,PIN_AD26,5,B5_N2,PIN_G15,,,,,,
toggleSwitches17To14[3],Input,PIN_Y23,5,B5_N2,PIN_B17,,,,,,
toggleSwitches17To14[2],Input,PIN_Y24,5,B5_N2,PIN_H15,,,,,,
toggleSwitches17To14[1],Input,PIN_AA22,5,B5_N2,PIN_J15,,,,,,
toggleSwitches17To14[0],Input,PIN_AA23,5,B5_N2,PIN_A17,,,,,,
